<!DOCTYPE suite SYSTEM "https://testng.org/testng-1.0.dtd" >
<suite name="Test-Suite" >
   <test name="Firefox" >
	   <parameter name="browser" value="firefox"></parameter>
	   
	   
       <classes> 
          <class name="TestNgProject.TestNg.CrossBrowserTesting" />
       </classes>
   </test>
   
    <test name="Chrome" >
	   <parameter name="browser" value="chrome"></parameter>
	   
	   
       <classes> 
          <class name="TestNgProject.TestNg.CrossBrowserTesting" />
       </classes>
   </test>
   
   
   <test name="Edge" >
	   <parameter name="browser" value="edge"></parameter>
	   
	   
       <classes> 
          <class name="TestNgProject.TestNg.CrossBrowserTesting" />
       </classes>
   </test>
   
   
 </suite>